Name,AUID,Coords,Const,Type,Period,Mag
UX Ant,000-BCT-560,10 57 09.06 -37 23 55.1,Ant,RCB,--,11.85 - <18.0 V
S Aps,000-BBV-897,15 09 24.54 -72 03 45.2,Aps,RCB,66.03,9.54 - 17.0 V
U Aqr,000-BCP-856,22 03 19.70 -16 37 35.3,Aqr,RCB,37.5,10.8 - 18.2: V
ES Aql,000-BCH-031,19 32 21.61 -00 11 31.0,Aql,RCB,--,11.5 - <17.7 V
PT Aql,000-BDD-786,19 53 43.15 +14 41 09.4,Aql,RCB,--,12.9 - <19.5 V
V1792 Aql,--,19 08 13.14 +04 21 54.1,Aql,RCB,--,13.9 - <20.7 r
ASASSN-V J191243.07+055313.1,000-BMV-174,19 12 43.04 +05 53 13.1,Aql,RCB,--,14.6 - 17.6: V
Gaia21flu,000-BPF-956,19 28 53.28 +14 32 25.3,Aql,RCB,--,18.6 - 24.4: r G
GDS_J1855255-025145,000-BMV-175,18 55 25.53 -02 51 45.7,Aql,RCB,--,14.3 (5.8)r V
IRAS 18575-0207,000-BKT-290,19 00 09.44 -02 02 57.9,Aql,RCB,--,13.8 - <17.2 V
NSV 11664,000-BKS-392,19 01 33.68 +14 56 09.6,Aql,RCB,--,13.3 - <14.5 V
NSVS 13967171,000-BKT-289,18 58 41.81 -02 20 11.3,Aql,RCB,--,17.426 (6.2) r
WISE-ToI-281,000-BPK-116,19 23 49.00 +16 14 33.8,Aql,RCB,--,18.1 - <23 r
V0943 Ara,000-BKN-701,17 01 01.41 -50 15 34.9,Ara,RCB,63.8,11.7 - <16.0 V
ASAS J164124-5147.8,000-BHJ-177,16 41 24.75 -51 47 43.4,Ara,RCB,102.6,11.7 - <18.1 V
ASAS J165444-4925.9,000-BHJ-786,16 54 43.61 -49 25 55.4,Ara,RCB,27.8,11.7 - <13.8 V
GDS_J1647046-470818,--,16 47 04.67 -47 08 17.8,Ara,RCB,--,16.10 (3.28) r
ASASSN-V J053213.93+340601.4,000-BMT-362,05 32 13.92 +34 06 01.5,Aur,RCB,--,14.4 - <17.2 V
Gaia DR3 5239401196775855616,--,10 48 59.82 -65 56 13.7,Car,RCB,--,14.61 - 17.89 G
Gaia DR3 5255601809101588096,--,10 26 15.98 -58 20 37.7,Car,RCB,--,14.65 - 19.32 G
WISE J110008.77-600303.6,--,11 00 08.77 -60 03 03.7,Car,RCB,--,15.7 - <17.6 R
UV Cas,000-BCR-120,23 02 14.66 +59 36 36.7,Cas,RCB,--,11.8 - 16.5 p
V0671 Cas,000-BDK-033,02 23 22.57 +59 38 00.9,Cas,RCB,--,16.8 - <19.8 r
2MASS J00482232+7417574,000-BKS-394,00 48 22.32 +74 17 57.4,Cas,RCB,--,14.0 - <18.4 V
MASTER OT J011613.54+640832.0,000-BLD-402,01 16 13.54 +64 08 32.0,Cas,RCB,--,14.1 - <16.2 CR
NSVS J0051273+645649,000-BKS-450,00 51 28.08 +64 56 51.7,Cas,RCB,29.8,13.2 - 15.0: V
UW Cen,000-BCV-271,12 43 17.19 -54 31 40.8,Cen,RCB,71.4,9.1 - 17.8 V
DY Cen,000-BCV-291,13 25 34.08 -54 14 43.1,Cen,RCB,--,12.0 - <16.4 p
V0854 Cen,000-BCV-353,14 34 49.41 -39 33 19.3,Cen,RCB,--,6.84 - 15.11 V
GDS_J1501045-563325,000-BQD-999,15 01 04.50 -56 33 25.3,Cir,RCB,--,15.47 (1.11) i
V CrA,000-BCV-507,18 47 32.31 -38 09 32.4,CrA,RCB,--,9.4 - 17.9 V
WX CrA,000-BCV-516,18 08 50.49 -37 19 43.2,CrA,RCB,89.7,10.25 - <15.2 V
V0581 CrA,000-BDB-831,18 24 43.47 -45 24 43.8,CrA,RCB,--,9.97 - <15.2 V
ASASSN-V J183900.17-405428.9,000-BNG-923,18 39 00.17 -40 54 28.9,CrA,RCB,--,13.1 - <20.4 G
R CrB,000-BBW-575,15 48 34.42 +28 09 24.3,CrB,RCB,48.6,5.61 - 15.1 V
V0482 Cyg,000-BCK-056,19 59 42.57 +33 59 27.9,Cyg,RCB,--,10.65 - 15.9 V
HAT 199-06241,000-BPM-357,19 39 35.49 +34 34 47.2,Cyg,RCB,40:00:00,11.6 - 14.4 p
ASASSN-V J053745.71-635330.9,000-BMV-178,05 37 45.72 -63 53 30.8,Dor,RCB,--,15.7 - <17.6 V
EROS2-LMC-RCB-2,000-BLG-677,05 10 28.53 -69 47 04.5,Dor,RCB,42.723,14.483 (3.88)R V
EROS2-LMC-RCB-3,000-BLN-402,04 59 35.83 -68 24 44.8,Dor,RCB,39.216,14.333 (4.65)R V
Gaia DR3 5283115923663063808,--,06 07 12.69 -67 40 11.0,Dor,RCB,--,15.30 - 20.76 G
LMC V0635,000-BKG-494,05 01 00.38 -69 03 43.1,Dor,RCB,84.679,13.15 - <20.9 Ic
LMC V1394,000-BCZ-149,05 11 31.38 -67 55 50.8,Dor,RCB,39.377,14.798 (2.4)Ic V
LMC V1667,000-BKG-493,05 14 46.20 -67 55 47.6,Dor,RCB,45.472,15.200 (7.63)I V
LMC V2314,000-BLN-401,05 22 57.38 -68 58 18.9,Dor,RCB,--,16.140 (6.75)I V
LMC V2629,000-BLN-400,05 26 33.92 -69 07 33.3,Dor,RCB,58.116,15.690 (5.64)I V
LMC V4263,000-BGD-005,05 45 02.88 -64 24 22.7,Dor,RCB,--,13.5 V - 17.9 p
MACHO 79.5743.15,000-BLN-404,05 15 51.82 -69 10 08.6,Dor,RCB,53.84,15.390 (9.14)I V
OGLE LMC-RCB-21,000-BLN-409,05 42 21.91 -69 02 59.3,Dor,RCB,--,15.793 (5.72) I
OGLE-LMC-LPV-02510,000-BMV-177,04 45 31.02 -68 34 31.3,Dor,RCB,--,13.7 - 16.3 V
AO Her,000-BDB-676,17 35 36.28 +50 24 39.9,Her,RCB,--,10.7 - <19.6: V
IRAS 18551+1345,000-BNM-497,18 57 26.47 +13 49 09.6,Her,RCB,--,13.4: - <21.6: V
V0381 Lac,000-BCQ-247,22 15 58.89 +42 22 46.5,Lac,RCB,--,11.6 - 23.8: V
V0742 Lyr,000-BJP-367,18 37 51.26 +47 23 23.5,Lyr,RCB,--,11.5 - 18.8 V
W Men,000-BCW-364,05 26 24.53 -71 11 11.8,Men,RCB,--,13.4 - <18.3 p
2MASS J05023226-7218534,000-BKS-425,05 02 32.26 -72 18 53.6,Men,RCB,--,13.5 - <18.1 V
EROS2-LMC-RCB-4,000-BLJ-740,05 39 36.98 -71 55 46.8,Men,RCB,54.993,15.142 (>7.4)R V
EROS2-LMC-RCB-5,000-BKB-501,06 04 05.48 -72 51 22.8,Men,RCB,--,13.2 - 18 R
EROS2-LMC-RCB-6,--,06 12 10.51 -74 05 09.9,Men,RCB,--,15.58: - <21.2 R
LMC V1689,000-BLG-678,05 14 40.22 -69 58 40.0,Men,RCB,53.426,15.239 (6.9)Ic V
LMC V2242,000-BKG-495,05 21 47.97 -70 09 57.1,Men,RCB,57.69,14.490 (7.09)I V
LMC V3334,000-BLG-676,05 33 48.95 -70 13 23.5,Men,RCB,46.272,15.758 (5.80)I V
LMC V4627,000-BPM-356,05 56 43.56 -71 55 10.7,Men,RCB,--,13.9 - <16.3 G
MACHO 12.10803.56,000-BLJ-761,05 46 47.74 -70 38 13.4,Men,RCB,46.435,15.087 (7.44)I V
MACHO 6.6575.13,000-BMV-179,05 20 48.21 -70 12 12.5,Men,RCB,--,17.912 (6.63)I V
MACHO 81.8394.1358,000-BLN-399,05 32 13.35 -69 55 57.7,Men,RCB,128.139,16.580 (6.82)I V
OGLE LMC-RCB-20,000-BLN-456,05 41 23.50 -70 58 01.8,Men,RCB,18.857,15.173 (1.7)Ic V
Y Mus,000-BCW-454,13 05 48.20 -65 30 46.6,Mus,RCB,41.02,10.14 V (1.6:)p
Gaia DR2 5845550927709092352,--,13 23 54.47 -67 37 20.9,Mus,RCB,--,13.6 - <15.5 V
RT Nor,000-BCW-471,16 24 18.67 -59 20 38.6,Nor,RCB,45.395447,9.8 - 14.7 V
RZ Nor,000-BCW-473,16 32 41.67 -53 15 33.1,Nor,RCB,36.8,10.2 - <16.2 V
IO Nor,000-BDW-283,16 22 28.83 -48 35 55.7,Nor,RCB,--,10.8 - 13.6 V
V0409 Nor,000-BHF-761,15 44 25.07 -50 45 01.3,Nor,RCB,--,11.8 - 19: V
ASASSN-V J161156.22-575527.2,000-BMM-601,16 11 56.23 -57 55 27.1,Nor,RCB,--,13.4 - <16.2 V
Gaia DR3 5982550798063894656,000-BQL-165,15 53 53.66 -50 32 25.4,Nor,RCB,--,12.27 - 20.65 G
GDS_J1602054-552741,000-BQL-204,16 02 05.48 -55 27 41.8,Nor,RCB,--,13.67 (0.56) r
GV Oph,000-BBY-467,17 05 41.25 -26 50 03.4,Oph,RCB,--,11.7 - <13.7 V
V0517 Oph,000-BBY-744,17 15 19.73 -29 05 37.4,Oph,RCB,--,11.0 V - 20.3 B
V0532 Oph,000-BDW-999,17 32 42.61 -21 51 40.8,Oph,RCB,--,12.6 - <15.5 p
V2552 Oph,000-BCW-570,17 23 14.55 -22 52 06.3,Oph,RCB,--,10.5 - <14.2 V
V2902 Oph,000-BKN-747,17 14 14.46 -21 26 13.8,Oph,RCB,--,12.6 - <14.1 V
V3062 Oph,000-BMV-180,17 43 17.53 -18 24 02.4,Oph,RCB,--,12.8 - <17.5 V
V4338 Oph,000-BMV-181,17 05 52.81 -16 34 16.6,Oph,RCB,--,12.5 - <17.4 V
2MASS J16472973-1525229,000-BKS-407,16 47 29.74 -15 25 23.0,Oph,RCB,--,12.7 - <17.4 CV
2MASS J17383700-2817346,000-BMZ-500,17 38 37.00 -28 17 34.7,Oph,RCB,--,18.3 - 24.2: g
ASAS J171710-2043.3,000-BKN-176,17 17 10.23 -20 43 15.8,Oph,RCB,--,11.4 - <14.5 V
ASAS J174140-1615.6,000-BQL-166,17 41 38.88 -16 15 46.5,Oph,RCB,--,12.8 - <17.4 V
ASASSN-V J172447.53-290417.9,000-BQL-167,17 24 47.52 -29 04 18.7,Oph,RCB,43.41,13.3 - 13.6: V
ASASSN-V J173737.08-072828.2,000-BMV-182,17 37 37.08 -07 28 28.2,Oph,RCB,--,14.6 - <17.4 V
ASASSN-V J173819.81-203632.2,000-BMV-183,17 38 19.81 -20 36 32.2,Oph,RCB,--,14.4 - 18.8 V
EROS2-CG RCB-12,000-BKK-785,17 19 58.51 -30 04 21.5,Oph,RCB,--,14.14 (3.2) R
Gaia DR3 4171909821491719680,--,17 54 22.78 -06 45 55.3,Oph,RCB,--,16.75 - 21.01 G
IRAS 17550-0753,000-BMZ-349,17 57 49.77 -07 53 15.0,Oph,RCB,--,14.7 - <16.5 V
NSV 21190,000-BPQ-394,17 14 53.45 -28 37 46.8,Oph,RCB,--,13.9 - <19.6 G g
NSV 21336,000-BKP-393,17 17 44.49 -29 38 00.2,Oph,RCB,--,13.8 - 17.6 R
NSV 22773,000-BKN-659,17 35 18.11 -26 53 49.2,Oph,RCB,--,11.5 - 20 Ic
NSV 23182,000-BKK-787,17 39 20.74 -27 57 22.7,Oph,RCB,--,13.04 (>7.6) R
OGLE-BLG-LPV-242097,000-BPL-602,17 34 01.94 -29 51 50.4,Oph,RCB,--,19.127 (1.592) Ic
WISE J174111.80-281955.3,--,17 41 11.79 -28 19 55.4,Oph,RCB,--,16.2 - 16.4: V
WISE J174119.57-250621.2,--,17 41 19.57 -25 06 21.5,Oph,RCB,--,14.8 - 15.4: V
VSSP J061947.07+170350.7,000-BPN-044,06 19 47.07 +17 03 50.7,Ori,RCB,--,15.4: - <20.0: r
V0544 Pav,000-BJB-924,20 30 04.97 -62 07 59.2,Pav,RCB,37.78,12.8 - 16.3 V
HH Per,000-BFC-132,04 32 59.35 +41 58 54.3,Per,RCB,--,14.5 - 19.0 p V
SV Sge,000-BCF-417,19 08 11.77 +17 37 41.2,Sge,RCB,56.64,10.3 - 17.1 V
MGAB-V209,000-BNK-659,19 13 25.16 +17 37 02.0,Sge,RCB,--,14.8 - 17.4 r
RY Sgr,000-BCG-016,19 16 32.77 -33 31 20.3,Sgr,RCB,37.67,5.8 - 14.0 V
VZ Sgr,000-BCB-737,18 15 08.57 -29 42 29.5,Sgr,RCB,--,10.12 - <15.0 V
GU Sgr,000-BCC-270,18 24 15.58 -24 15 26.4,Sgr,RCB,--,10.2 - 16.6 V
IZ Sgr,000-BFD-784,18 36 31.26 -20 59 15.5,Sgr,RCB,--,13.6 - <16.5 p
MV Sgr,000-BCX-003,18 44 31.97 -20 57 12.9,Sgr,RCB,--,12 - 16.05 B
V0348 Sgr,000-BCC-948,18 40 19.93 -22 54 29.4,Sgr,RCB,--,11.2 - 19.0: V
V0739 Sgr,000-BCX-021,18 13 10.56 -30 16 14.7,Sgr,RCB,--,12.2 - 20.0: V
V1157 Sgr,000-BCX-041,19 10 11.83 -20 29 42.0,Sgr,RCB,--,11.3 - 17.0: V
V1783 Sgr,000-BCX-056,18 04 49.74 -32 43 13.6,Sgr,RCB,47.22,10.4 - <14.0 V
V3260 Sgr,000-BFH-609,18 24 39.27 -31 32 52.5,Sgr,RCB,--,16.0 - <21.0 V
V3795 Sgr,000-BCB-652,18 13 23.56 -25 46 40.9,Sgr,RCB,--,11.5 - <15.5 p
V4017 Sgr,000-BCX-096,18 18 02.29 -29 29 33.0,Sgr,RCB,--,10.6 - 11.8 V
V5639 Sgr,000-BHQ-709,18 16 39.20 -24 18 33.4,Sgr,RCB,132.98,11.9 - 15.8 Ic
2MASS J18125249-2333044,000-BMZ-335,18 12 52.50 -23 33 04.6,Sgr,RCB,--,14.6 - <16.1 V
2MASS J18153824-2038457,000-BMZ-409,18 15 38.25 -20 38 45.7,Sgr,RCB,--,18.3 - <20.3 g
2MASS J19421837-2032476,000-BLD-736,19 42 18.38 -20 32 47.6,Sgr,RCB,--,12.0 - 20 CV
ASAS J181204-2808.6,000-BKN-177,18 12 03.69 -28 08 36.2,Sgr,RCB,--,11.65 - <15.3 V
ASAS J190640-1623.9,000-BHV-871,19 06 39.87 -16 23 59.2,Sgr,RCB,--,10.75 - <12.4 V
ASASSN-19na,000-BNC-495,18 23 34.24 -28 29 57.2,Sgr,RCB,--,15.6 - <19.8 G g
ASASSN-V J175031.71-233945.7,000-BMV-191,17 50 31.71 -23 39 45.8,Sgr,RCB,--,15.0 - <17.4 V
ASASSN-V J182723.24-200826.5,--,18 27 23.40 -20 08 30.2,Sgr,RCB,--,15.4 - <21 V
ASASSN-V J190309.89-302037.0,000-BMV-190,19 03 09.90 -30 20 37.2,Sgr,RCB,--,13.4 - 15.3 V
EROS2-CG RCB-1,000-BKB-452,17 52 20.04 -29 03 31.7,Sgr,RCB,--,12.44 (>8.3) R
EROS2-CG RCB-10,000-BKK-788,17 45 31.42 -23 32 24.9,Sgr,RCB,--,12.46 (6.0) R
EROS2-CG RCB-11,000-BKK-791,17 48 41.57 -23 00 26.7,Sgr,RCB,--,12.35 (5.8) R
EROS2-CG RCB-13,000-BKB-412,18 01 58.25 -27 36 48.4,Sgr,RCB,--,11.42 (5.1) R
EROS2-CG RCB-14,000-BKB-454,18 13 14.87 -27 49 41.1,Sgr,RCB,--,12.45 (>8.3) R
EROS2-CG RCB-9,000-BKK-790,17 48 30.90 -24 22 56.7,Sgr,RCB,--,15.20 (2.6) R
Gaia DR3 4047428367726005376,--,18 35 47.64 -29 49 59.7,Sgr,RCB,--,13.22 - 14.41 G
Gaia DR3 4070603878208934912,--,17 55 24.73 -21 27 57.8,Sgr,RCB,--,14.39 - 16.83 G
Gaia DR3 4090248818087957120,--,18 25 44.32 -21 30 33.1,Sgr,RCB,--,14.10 - 15.98 G
GDS_J1829438-190246,000-BMV-209,18 29 43.83 -19 02 46.2,Sgr,RCB,--,13.2 - <16.2: r
GLIMPSE-RCB-Cand-1,000-BMV-210,17 46 45.91 -25 03 14.1,Sgr,RCB,--,10.2 (8.0)Ic J
GLIMPSE-RCB-Cand-2,000-BMV-211,17 57 50.00 -18 25 22.9,Sgr,RCB,--,10.8 - ? J
IRAS 17485-2205,000-BKT-530,17 51 36.81 -22 06 30.6,Sgr,RCB,--,13.9 - <16.4 V
IRAS 17530-1647,000-BKT-606,17 55 58.52 -16 47 44.4,Sgr,RCB,--,14.185 (1.349) Ic
MACHO 135.27132.51,000-BKB-455,18 19 33.76 -28 35 58.1,Sgr,RCB,--,14.3 (>3.5) V
MACHO 308.38099.66,000-BKK-747,18 19 27.42 -21 24 08.2,Sgr,RCB,--,16.3 (5) V
MACHO 401.48170.2237,000-BKB-453,17 57 58.94 -28 18 12.9,Sgr,RCB,--,14.5 (6) V
Mis V0862,000-BKB-411,17 58 28.30 -30 51 16.6,Sgr,RCB,--,11.17 (>6.9) R
WISE J175107.12-242357.3,--,17 51 07.13 -24 23 57.4,Sgr,RCB,--,14.2 - 14.8: V R
WISE J175521.75-281131.2,--,17 55 21.75 -28 11 31.4,Sgr,RCB,--,14.1 - <17.9 r
WISE J182010.96-193453.4,--,18 20 10.97 -19 34 53.5,Sgr,RCB,--,10.4 - 12.1 J
WISE-ToI-222,000-BPK-115,18 18 36.39 -18 17 32.9,Sgr,RCB,--,13.4 - <16.9 G
V0653 Sco,000-BFK-921,17 49 15.66 -39 13 16.6,Sco,RCB,--,12.4 - <16.8: V
V1135 Sco,000-BFL-329,17 30 23.85 -30 08 28.5,Sco,RCB,--,12.75 (6.2) R
ASAS J175226-3411.5,000-BHN-666,17 52 25.51 -34 11 28.2,Sco,RCB,--,12.2 - <14.0 V
ASASSN-V J170737.02-314812.5,000-BMV-195,17 07 37.02 -31 48 12.5,Sco,RCB,--,14.3 - 16.3 V
ASASSN-V J174257.20-362052.1,000-BMV-196,17 42 57.20 -36 20 52.1,Sco,RCB,--,14.8 - <16.9 V
ASASSN-V J174328.51-375029.1,000-BQL-164,17 43 28.50 -37 50 29.1,Sco,RCB,--,14.3 - <15.3 V
ASASSN-V J174851.30-330617.2,--,17 48 51.30 -33 06 17.2,Sco,RCB,15.462,14.30 - 14.62 V
EROS2-CG RCB-5,000-BKK-789,17 46 00.34 -33 47 56.7,Sco,RCB,--,13.5 - 19.5 R
Gaia DR2 5958492040579687168,--,17 32 02.76 -43 29 06.2,Sco,RCB,--,13.9 - <16.3 G R
Gaia DR2 5962697118452441088,--,17 35 53.07 -36 41 04.1,Sco,RCB,--,15.1 - <17 V
NSV 22221,000-BKK-786,17 29 37.11 -30 39 36.8,Sco,RCB,--,14.05 (>6.6) R
NSV 23774,000-BKD-580,17 46 16.23 -32 57 40.9,Sco,RCB,--,12.54 (>8.2) R
Terz V 3526,000-BKT-288,17 08 27.19 -32 26 49.6,Sco,RCB,--,11.9 - <18.0 R
Terz V 4229,--,17 20 44.90 -31 50 31.9,Sco,RCB,--,15.8 - <18.0 R
WISE J163450.35-380218.5,--,16 34 50.37 -38 02 18.6,Sco,RCB,--,18.6 - <20.6 G
WISE J164440.88-421522.3,--,16 44 40.89 -42 15 22.4,Sco,RCB,--,18.65 - ? G
WISE J170343.87-385126.6,--,17 03 43.88 -38 51 26.7,Sco,RCB,--,19.04 - ? G
WISE J170355.12-355434.6,000-BPN-648,17 03 55.12 -35 54 34.7,Sco,RCB,--,13.7 - 21.3 G
WISE J170738.27-431019.7,--,17 07 38.28 -43 10 19.8,Sco,RCB,--,18.56 - ? G
WISE J171815.36-341339.9,--,17 18 15.37 -34 13 40.0,Sco,RCB,--,18.13 - ? G
WISE J171908.50-435044.6,--,17 19 08.52 -43 50 44.6,Sco,RCB,--,15.844 (2.134) Ic
WISE J172553.80-312421.1,--,17 25 53.80 -31 24 21.3,Sco,RCB,--,18.07 - ? G
FH Sct,000-BCX-196,18 45 14.85 -09 25 36.1,Sct,RCB,55.5,11.9 - <19: V
V0391 Sct,000-BCC-407,18 28 06.61 -15 54 44.1,Sct,RCB,--,11.7 - 15.7 Ic
GDS_J1836495-113420,000-BMV-216,18 36 49.55 -11 34 20.7,Sct,RCB,--,14.52 (5.15) r
GDS_J1841584-054819,000-BMV-251,18 41 58.40 -05 48 19.3,Sct,RCB,--,12.6 - <13.1 r
MACHO 301.45783.9,000-BKK-746,18 32 18.60 -13 10 49.6,Sct,RCB,--,17.3 (>5) V
WISE J183135.46-144511.3,000-BPR-598,18 31 35.48 -14 45 11.4,Sct,RCB,--,17.9 - <23 r G
ZTF18abhjrcf,--,18 42 46.25 -12 54 14.8,Sct,RCB,--,13.9 - 20.7 r
AC Ser,000-BFL-923,17 29 51.81 -10 17 16.0,Ser,RCB,--,12.0 - 13.5 p
2MASS J18055049-1513016,000-BKS-452,18 05 50.50 -15 13 01.7,Ser,RCB,59,13.8 - 17.5: V
MGAB-V2118,--,18 22 35.26 -03 32 13.2,Ser,RCB,--,17.6 - 21.6 r
SU Tau,000-BBK-232,05 49 03.73 +19 04 21.9,Tau,RCB,44.68,9.1 - 18.0 V
RS Tel,000-BCX-324,18 18 51.22 -46 32 53.4,Tel,RCB,48.6,9.6 - <16.5 V
EROS2-SMC-RCB-1,000-BLZ-430,00 37 47.10 -73 39 02.4,Tuc,RCB,--,15.2 - 21.6 Ic
EROS2-SMC-RCB-2,000-BMV-197,00 48 22.94 -73 41 04.6,Tuc,RCB,--,14.3 - <17.2 V
EROS2-SMC-RCB-2,--,00 44 07.51 -72 44 16.3,Tuc,RCB,--,16.9 - 19.7 B
Gaia16aau,000-BLV-939,00 50 10.70 -69 43 57.8,Tuc,RCB,45.25,13.5 - <19.5 Ic
MACHO 207.16426.1662,000-BLB-712,00 57 18.14 -72 42 35.3,Tuc,RCB,--,14.0 - 21 I
MSX SMC 014,--,00 46 16.33 -74 11 13.6,Tuc,RCB,--,17.7 - 21.8 Ic
WISE J005113.58-731036.3,--,00 51 13.60 -73 10 36.4,Tuc,RCB,--,20.03 - ? G
Z UMi,000-BBV-812,15 02 01.37 +83 03 48.6,UMi,RCB,130:00:00,10.8 - 19.0 V
